,rank,title,link
0,1,女生清晨推窗发现桂花铺满院,https://s.weibo.com/weibo?q=%23女生清晨推窗发现桂花铺满院%23
1,1,9位发小全考上博士携手返乡创业,https://s.weibo.com/weibo?q=%239位发小全考上博士携手返乡创业%23
2,1,百秒说非凡十年,https://s.weibo.com/weibo?q=%23百秒说非凡十年%23
3,1,E,https://s.weibo.com/weibo?q=%23E%23
4,1,中国速度奔赴时代之约,https://s.weibo.com/weibo?q=%23中国速度奔赴时代之约%23
5,1,屠呦呦为测青蒿素安全性曾以身试药,https://s.weibo.com/weibo?q=%23屠呦呦为测青蒿素安全性曾以身试药%23
6,1,狗狗帮看菜摊遇顾客露假笑,https://s.weibo.com/weibo?q=%23狗狗帮看菜摊遇顾客露假笑%23
7,1,废矿井发现140年前牛仔裤拍出62万,https://s.weibo.com/weibo?q=%23废矿井发现140年前牛仔裤拍出62万%23
8,1,真诚的人真的很加分,https://s.weibo.com/weibo?q=%23真诚的人真的很加分%23
9,1,10月14日新增291例本土确诊,https://s.weibo.com/weibo?q=%2310月14日新增291例本土确诊%23
10,1,总感觉你不太开心,https://s.weibo.com/weibo?q=%23总感觉你不太开心%23
11,1,爸爸给儿子取名因谐音五十亿走红,https://s.weibo.com/weibo?q=%23爸爸给儿子取名因谐音五十亿走红%23
12,1,NKR,https://s.weibo.com/weibo?q=%23NKR%23
13,1,,https://s.weibo.com/weibo?q=%23%23
14,1,每张被熏黑的脸都是沉甸甸的勋章,https://s.weibo.com/weibo?q=%23每张被熏黑的脸都是沉甸甸的勋章%23
15,1,10月14日新增900例本土无症状,https://s.weibo.com/weibo?q=%2310月14日新增900例本土无症状%23
16,1,JDG战胜DK,https://s.weibo.com/weibo?q=%23JDG战胜DK%23
17,1,人民日报任仲平,https://s.weibo.com/weibo?q=%23人民日报任仲平%23
18,1,奖励优秀生的小猪9月后卖了4000元,https://s.weibo.com/weibo?q=%23奖励优秀生的小猪9月后卖了4000元%23
19,1,梵高名画向日葵被泼番茄罐头,https://s.weibo.com/weibo?q=%23梵高名画向日葵被泼番茄罐头%23
